temperature_c,humidity_pct,gas_ppm,hours_elapsed,freshness_score
20.66,75.85,482.37,26.97,15.36
3.33,72.74,283.65,68.45,28.29
3.75,68.28,181.97,52.7,44.6
10.84,61.52,294.46,43.1,32.63
15.11,81.81,69.48,11.23,80.19
21.67,66.97,167.01,11.23,56.38
21.91,37.46,29.2,4.18,98.48
13.53,49.36,429.68,62.36,16.55
1.98,62.4,75.5,43.28,63.87
30.92,69.34,650.0,50.98,1.48
11.4,64.21,25.75,1.48,98.87
12.6,82.07,511.37,69.83,7.44
3.03,37.68,109.47,59.94,58.89
24.45,67.01,333.31,15.29,33.35
24.34,39.55,173.16,13.09,55.19
5.16,75.64,35.21,13.21,91.57
5.94,63.68,48.95,21.91,78.62
20.01,70.87,550.27,37.78,9.95
22.61,52.91,478.55,31.1,17.37
2.52,82.91,32.54,20.97,81.72
29.06,79.58,650.0,44.05,0.0
3.29,73.17,17.47,10.04,97.31
15.01,63.19,161.4,21.03,51.35
30.83,73.12,650.0,26.38,2.38
13.73,55.1,270.48,32.84,37.16
21.08,76.98,650.0,56.53,0.33
14.79,88.09,133.38,14.38,59.82
3.97,79.99,106.66,37.02,58.78
35.27,54.79,650.0,42.65,0.0
17.85,70.06,36.47,3.34,94.0
30.61,46.9,650.0,43.74,1.02
4.34,73.01,12.0,12.28,96.24
3.03,71.31,20.04,4.68,99.06
4.51,38.82,208.31,68.32,40.82
19.98,48.74,592.82,69.53,4.58
10.06,61.04,405.73,58.2,17.55
32.93,60.79,650.0,21.93,6.79
17.06,48.07,31.97,7.03,93.82
30.1,70.45,650.0,49.26,0.34
3.43,68.52,47.99,31.69,74.92
33.97,62.28,457.32,8.79,25.46
22.07,54.42,507.52,35.65,14.33
21.88,79.68,19.76,2.48,97.36
27.35,88.18,650.0,65.47,0.0
23.37,58.23,353.25,18.63,30.2
19.74,56.43,541.42,47.7,8.66
3.98,71.88,40.88,22.44,85.8
4.66,59.99,100.58,37.44,61.93
33.78,63.05,650.0,39.36,0.0
21.37,75.36,202.45,13.31,49.19
24.54,38.27,650.0,69.81,1.31
13.73,83.46,480.31,55.81,11.18
4.01,66.02,238.51,67.64,35.48
3.48,59.24,217.94,64.43,38.62
26.68,63.75,649.19,43.05,4.82
11.52,64.47,467.17,66.37,10.39
3.87,40.76,31.82,6.37,100.0
10.57,85.93,57.83,14.11,78.35
3.89,65.58,20.76,3.26,100.0
19.33,71.2,395.77,23.42,25.99
3.56,78.32,66.59,27.98,69.94
18.74,50.7,191.87,19.54,50.1
13.08,71.63,510.46,59.67,6.61
15.53,61.25,254.62,25.69,40.6
3.69,76.85,45.02,20.23,87.47
5.92,35.22,94.56,39.07,68.57
13.22,63.61,38.53,10.15,93.0
16.82,56.56,496.36,57.76,11.48
26.24,71.05,75.05,5.37,75.85
4.67,71.58,300.97,71.06,24.95
23.28,55.09,641.45,55.6,3.75
36.81,55.03,650.0,14.31,5.2
20.76,63.45,24.7,0.4,97.9
3.65,52.45,186.94,58.71,46.14
10.31,76.79,411.02,50.89,15.61
4.84,59.83,188.66,52.49,45.18
3.6,30.0,110.06,55.53,59.97
31.54,59.75,157.73,5.33,61.41
5.41,50.46,41.7,25.81,82.62
13.47,42.16,15.71,8.34,96.31
23.57,47.68,627.98,62.14,3.83
17.23,66.53,510.54,44.88,11.26
22.51,83.6,493.49,23.82,15.49
4.44,69.38,27.97,4.58,100.0
10.74,56.51,73.86,22.39,70.33
14.3,71.38,219.76,23.41,44.14
3.87,58.57,151.98,52.53,50.19
15.45,55.28,410.4,45.9,20.56
4.54,48.84,216.97,63.88,39.59
2.11,40.47,36.2,34.0,87.81
12.57,59.54,38.3,8.61,92.07
2.65,67.21,153.4,51.35,51.29
23.16,63.65,648.23,54.78,1.94
24.35,59.18,595.69,40.41,6.46
20.47,51.76,618.41,55.51,2.52
2.57,73.52,79.89,35.55,66.76
4.17,46.56,75.07,37.64,69.21
6.08,75.86,106.52,30.78,61.5
22.67,50.97,21.22,1.83,100.0
20.65,54.47,31.03,7.77,85.31
6.68,44.47,20.18,2.26,94.68
33.74,57.98,650.0,45.82,5.55
4.77,78.65,39.28,22.63,79.22
7.77,72.22,194.92,36.62,45.08
23.01,78.7,650.0,65.34,2.07
32.25,72.31,649.15,17.95,8.02
20.71,49.55,446.37,29.55,20.51
21.68,60.37,601.84,54.4,5.09
13.94,54.08,85.27,16.47,72.82
20.51,83.63,40.95,5.54,84.98
4.6,48.24,27.07,20.86,88.07
35.37,77.51,650.0,11.61,7.46
14.46,77.5,537.7,66.94,6.7
23.8,90.61,650.0,58.18,2.8
14.39,59.26,394.07,45.61,20.64
24.22,74.97,634.45,62.75,3.49
16.22,95.0,550.07,57.86,5.32
22.03,56.35,189.2,13.43,52.71
1.84,43.51,134.33,64.26,55.76
3.35,38.68,52.8,38.83,72.64
3.05,74.98,232.5,58.14,36.59
3.25,38.64,163.96,64.52,48.02
30.13,59.79,598.19,22.9,10.48
3.8,71.12,25.37,7.92,100.0
33.94,67.59,640.64,16.41,8.93
11.14,70.96,198.25,30.75,46.02
3.43,68.11,220.44,58.9,38.05
22.58,82.9,640.5,61.97,2.66
19.6,51.67,30.65,0.5,99.69
15.0,55.52,327.94,36.77,29.68
21.9,54.18,468.58,30.05,16.67
22.4,76.62,339.4,15.99,31.64
1.62,77.61,27.94,8.63,99.39
31.49,71.32,650.0,24.31,6.53
31.83,81.57,650.0,67.89,0.0
27.74,48.51,560.99,23.27,13.47
4.9,88.34,188.67,37.35,46.07
20.28,86.33,646.03,50.62,0.0
2.71,75.3,41.47,26.18,80.31
4.29,89.95,321.81,69.97,20.92
6.49,41.81,264.61,69.3,32.98
16.12,57.66,152.76,18.13,55.85
32.24,54.71,650.0,35.8,1.71
25.43,75.1,587.16,21.66,8.46
24.49,50.3,376.71,20.51,28.49
9.59,75.6,12.0,2.66,97.16
14.2,84.19,427.39,43.89,16.44
12.39,74.73,309.33,36.19,30.86
32.66,68.97,111.15,3.71,72.36
2.9,51.17,28.17,20.06,89.62
31.7,53.14,650.0,65.4,1.51
23.06,82.49,435.8,17.25,22.4
13.32,75.91,36.06,10.43,84.99
26.02,64.45,640.92,35.24,4.51
14.26,59.15,544.16,70.97,4.48
32.56,36.64,629.11,17.43,9.74
36.1,50.01,650.0,48.39,1.25
12.43,91.76,498.71,54.84,8.53
1.0,47.07,16.99,17.11,94.88
23.24,67.65,617.61,52.43,4.94
34.56,79.1,650.0,26.48,4.58
3.66,47.43,91.24,45.53,63.13
23.28,67.59,622.59,45.61,3.84
22.39,78.13,583.22,38.58,7.14
24.95,65.17,94.88,6.5,72.61
5.32,95.0,341.37,60.14,21.05
24.69,41.64,398.68,23.1,24.2
34.26,79.82,636.86,13.43,10.36
6.35,62.58,30.18,2.94,95.49
2.52,75.81,113.67,42.54,55.89
30.82,71.18,650.0,48.78,0.0
4.6,54.74,33.97,1.19,100.0
29.69,68.21,650.0,36.87,3.7
12.01,38.99,43.63,16.31,87.52
3.44,73.45,159.36,46.45,49.17
34.48,69.17,620.71,12.55,11.02
13.58,73.94,426.85,49.75,16.76
11.11,79.81,212.52,27.84,45.17
11.11,70.15,424.44,67.44,14.72
21.25,67.07,96.32,9.9,68.38
3.87,52.67,47.08,24.56,83.45
14.99,55.03,35.15,8.17,89.06
34.28,81.61,650.0,66.58,0.0
7.17,85.11,366.22,63.17,19.06
19.86,61.67,234.76,18.57,44.37
10.97,65.64,305.04,47.52,29.2
22.09,52.34,589.95,58.84,6.18
2.2,81.42,90.46,39.97,61.81
35.83,74.32,650.0,38.13,0.0
14.97,92.18,200.01,17.41,45.89
4.3,52.7,27.31,6.7,100.0
4.56,59.71,244.41,64.6,35.95
5.3,68.24,277.89,64.83,28.57
14.52,74.05,454.02,45.58,15.6
9.7,61.98,110.22,24.41,67.33
20.9,52.78,352.31,25.14,29.74
12.01,77.34,403.59,52.27,17.93
4.12,75.1,293.15,64.59,30.58
22.37,52.17,591.41,63.87,5.34
24.97,83.98,650.0,56.15,2.7
4.37,81.38,206.6,46.23,41.45
3.53,66.88,31.92,6.06,100.0
4.32,66.11,28.61,11.64,92.79
21.59,72.76,597.38,64.7,4.83
22.41,52.94,597.91,43.66,5.03
16.13,65.42,23.71,0.66,100.0
22.62,34.87,41.54,7.31,84.36
24.2,77.27,628.9,47.77,4.15
18.01,43.14,22.7,0.36,99.92
30.43,86.05,541.58,11.58,14.53
3.59,60.38,96.62,39.51,66.22
4.75,62.04,177.48,49.82,45.93
3.56,56.21,100.56,46.94,60.26
4.45,60.97,25.13,16.15,92.37
11.34,84.86,423.83,51.28,15.76
31.4,30.17,515.1,17.08,17.25
3.96,82.88,57.91,23.43,76.57
5.35,69.73,235.98,53.75,35.67
12.48,48.1,325.52,46.77,29.99
27.74,49.95,644.36,61.14,5.4
14.52,88.47,507.59,47.35,8.58
15.22,51.76,348.76,40.92,26.33
3.94,48.85,23.56,6.74,94.4
1.87,80.92,56.99,26.48,77.03
30.98,69.74,650.0,19.09,6.44
34.59,51.87,650.0,17.57,5.4
5.51,68.03,348.26,70.06,20.9
30.79,50.64,644.94,28.3,6.51
21.29,80.41,630.39,64.23,1.8
33.67,79.86,650.0,45.44,1.52
12.95,72.45,459.1,57.23,13.68
12.19,70.06,297.02,36.19,32.22
16.63,89.66,494.1,41.54,11.13
22.92,65.0,584.35,35.46,8.52
2.91,48.45,25.03,14.06,93.86
3.22,71.29,156.61,52.02,48.32
17.33,94.2,347.25,20.22,29.16
24.9,50.79,33.52,1.75,96.71
3.29,59.94,123.46,46.47,57.67
21.52,70.83,204.21,12.75,49.19
31.5,64.25,650.0,67.71,0.0
5.65,51.25,262.71,68.68,32.65
18.75,80.71,593.47,65.87,3.95
15.65,95.0,385.26,26.65,21.28
32.84,67.75,30.22,1.11,96.67
1.44,52.34,157.52,66.84,51.44
23.74,43.31,489.29,30.83,16.09
21.23,68.61,569.69,69.6,7.04
29.02,80.45,650.0,69.38,3.15
20.12,71.65,566.75,61.42,6.14
13.69,64.97,141.38,21.2,54.37
21.25,56.75,419.74,27.73,22.15
32.22,49.71,650.0,61.28,0.72
22.13,76.69,473.88,22.82,17.19
7.77,77.79,28.8,12.2,90.59
24.22,43.36,559.21,40.09,10.36
21.29,87.26,628.63,67.4,2.86
18.09,73.04,566.48,50.11,5.48
5.27,84.59,181.64,41.04,45.35
24.29,46.21,60.96,7.0,79.72
11.72,45.88,278.89,44.28,34.76
25.05,62.91,650.0,71.28,0.77
4.27,72.04,18.6,10.09,96.11
23.8,90.15,608.15,37.32,5.74
31.51,74.89,650.0,63.17,0.0
3.93,61.6,144.53,53.34,51.16
27.76,50.63,650.0,50.19,0.0
11.67,82.22,429.67,50.58,14.03
35.14,51.49,650.0,25.88,4.22
20.22,87.8,406.59,21.14,23.49
22.1,61.02,617.1,58.27,3.5
22.49,87.27,643.14,58.33,1.87
34.02,74.51,650.0,62.43,1.26
14.65,63.08,509.0,65.75,8.1
14.42,57.73,306.99,36.82,31.8
23.7,60.23,549.84,36.11,10.01
23.84,71.0,634.66,57.48,4.29
21.03,66.08,593.81,46.8,4.2
22.66,56.69,607.3,50.54,4.87
16.58,62.68,523.31,57.3,7.98
23.41,66.1,650.0,64.08,0.0
4.34,35.2,26.98,24.34,89.7
14.93,71.41,285.13,27.04,34.5
4.63,51.28,28.62,6.77,100.0
10.19,48.85,235.84,41.64,39.67
15.81,41.38,30.03,2.59,100.0
11.3,39.89,158.82,33.52,51.85
25.41,46.02,588.92,39.07,7.46
12.66,55.07,88.48,20.63,69.34
14.05,92.35,477.42,42.54,11.44
4.77,57.64,26.97,2.2,100.0
17.89,67.49,27.97,2.69,95.83
4.67,70.61,234.54,59.23,36.98
4.11,66.83,35.86,25.93,79.57
23.91,63.92,149.67,9.15,62.26
24.08,48.27,580.4,37.6,8.21
22.67,85.31,623.35,55.44,4.05
20.34,90.3,313.44,15.54,33.33
14.83,41.44,380.13,44.85,23.3
33.21,50.66,186.95,6.15,54.95
13.1,61.08,29.92,3.72,96.19
14.68,51.5,298.72,38.26,32.72
3.76,72.08,119.0,38.93,58.28
15.45,54.8,415.84,45.89,19.9
12.79,95.0,475.6,52.28,10.02
17.45,81.67,604.38,70.26,1.16
25.32,67.98,629.02,37.17,5.14
14.01,79.38,229.97,23.25,44.9
23.32,80.48,649.2,57.25,1.7
20.78,57.1,270.32,19.5,40.48
25.31,53.57,549.14,31.61,11.84
23.9,66.09,62.45,5.65,85.18
35.95,77.06,38.38,1.83,86.49
3.82,66.95,285.86,69.31,28.42
3.77,42.92,151.65,60.19,48.72
5.36,53.76,147.2,50.11,49.1
21.61,63.96,479.21,29.44,16.62
29.53,63.94,477.34,12.48,21.09
4.71,92.62,23.86,11.26,92.87
36.54,45.6,650.0,18.02,6.99
1.0,72.08,99.72,39.54,68.35
34.42,85.85,650.0,51.45,3.24
14.6,95.0,502.69,47.53,9.84
4.79,59.34,23.55,20.16,90.69
14.97,71.88,543.8,68.75,5.8
4.23,72.98,200.08,53.13,41.96
3.98,67.74,95.96,39.91,63.21
14.43,63.62,399.61,44.04,22.09
21.54,71.1,547.26,30.21,10.58
15.35,30.0,74.64,17.84,74.08
12.14,74.55,178.05,25.63,47.11
23.09,66.77,615.33,54.56,4.34
23.43,61.89,49.11,1.04,100.0
3.53,93.66,22.05,8.36,94.95
12.27,55.55,33.23,3.31,99.41
5.35,59.36,35.0,2.93,95.36
5.14,92.88,323.5,61.59,24.11
22.89,53.35,613.61,50.66,4.04
3.07,57.3,39.71,34.14,75.31
11.08,62.94,31.34,7.04,95.57
23.12,76.77,558.06,35.4,9.19
4.49,67.91,115.71,34.09,59.63
25.9,46.9,224.28,12.47,47.07
2.83,57.55,46.29,31.24,79.05
31.38,56.5,650.0,28.69,3.44
14.47,63.92,384.08,44.34,22.57
24.64,70.96,650.0,45.73,1.49
22.88,70.85,38.95,3.26,96.45
2.34,40.14,23.97,26.97,89.77
24.38,79.9,598.01,45.06,5.84
34.95,68.54,650.0,36.23,0.0
20.43,84.38,635.58,61.67,0.99
23.3,71.22,598.4,47.43,6.31
29.12,80.42,454.99,11.73,23.95
3.25,71.53,21.23,5.08,95.97
5.03,83.85,231.29,46.25,37.33
26.12,72.31,21.97,1.91,98.04
15.21,63.63,409.41,42.18,20.58
22.06,95.0,650.0,67.7,0.0
29.86,77.45,650.0,41.43,0.0
14.51,73.03,262.81,27.95,35.9
5.14,47.13,149.42,46.32,54.51
20.8,46.96,488.14,32.99,14.09
4.62,69.1,149.91,39.28,51.02
21.2,67.04,604.41,67.79,4.51
17.18,56.4,296.33,27.8,33.54
20.32,66.97,606.32,69.21,2.49
4.87,87.24,300.5,65.19,24.68
20.93,74.74,224.36,14.1,47.21
13.49,49.03,21.25,4.99,100.0
21.76,63.44,89.29,7.26,77.73
4.62,53.73,14.76,1.31,99.9
19.69,59.57,40.04,6.8,84.52
30.42,59.21,650.0,49.18,1.0
3.23,58.31,23.65,5.13,98.97
4.52,47.43,26.88,22.97,89.07
4.96,63.21,250.83,60.83,35.05
22.53,57.15,21.18,1.68,100.0
24.3,30.0,596.95,58.64,6.07
14.97,93.74,210.38,20.29,43.85
4.91,80.24,12.0,8.51,96.21
11.1,59.73,359.08,50.17,22.75
20.68,65.26,559.86,45.28,7.8
12.65,48.6,439.49,63.18,14.31
30.62,88.74,650.0,52.93,3.91
5.43,91.56,344.98,57.85,22.43
25.54,67.19,504.74,20.31,15.96
15.03,79.33,73.73,12.78,70.22
15.37,67.45,477.14,54.04,12.18
23.52,46.29,624.76,58.09,3.64
24.56,59.23,650.0,71.32,0.27
29.25,66.85,611.64,29.71,8.31
4.85,58.64,49.25,26.79,77.35
4.42,61.94,198.02,55.9,42.23
21.18,63.72,396.79,24.54,24.27
24.21,63.87,650.0,67.01,0.0
5.28,65.73,264.51,61.81,32.85
3.97,50.15,47.93,30.89,76.82
2.94,54.96,139.35,54.06,55.39
35.18,47.02,650.0,54.33,0.0
3.8,78.69,12.0,7.42,99.66
12.85,35.52,394.0,64.98,20.49
3.11,81.15,92.92,36.38,62.84
13.34,84.41,501.47,59.5,8.93
3.19,60.77,15.59,23.04,86.5
10.16,30.0,341.59,64.48,26.18
3.83,59.94,45.27,28.02,83.07
20.32,64.1,16.81,0.78,98.33
3.05,50.85,184.3,65.19,42.43
12.71,57.79,38.13,6.57,97.71
31.33,86.42,650.0,22.99,2.12
24.28,74.31,650.0,68.4,0.0
15.46,52.06,531.45,68.44,5.48
14.77,42.63,341.5,41.29,27.31
14.6,60.42,416.48,45.49,18.51
22.84,62.01,539.92,32.29,11.76
32.92,71.95,647.95,21.11,7.03
23.61,57.51,433.89,23.66,20.98
20.15,72.16,586.14,48.42,5.52
20.71,92.09,629.48,54.17,2.37
13.61,76.42,465.13,56.99,11.44
3.63,64.33,186.24,56.85,45.91
23.69,62.44,62.02,6.57,80.0
30.52,60.01,650.0,35.6,1.93
1.73,81.53,21.21,4.14,97.43
20.6,56.22,537.06,39.57,8.32
4.26,65.63,65.84,31.79,72.59
13.52,65.72,483.67,63.91,11.5
4.0,57.98,30.37,25.27,84.77
12.05,45.79,24.0,8.43,95.11
23.43,69.52,149.4,10.3,59.28
15.04,64.15,474.25,54.83,10.44
19.77,72.0,548.75,44.51,9.64
24.2,57.53,68.53,7.28,76.02
27.27,82.09,146.54,6.06,61.95
3.02,52.73,111.59,50.47,59.5
14.43,88.97,37.21,5.24,95.16
4.79,40.53,169.46,59.17,48.74
32.7,71.09,650.0,50.85,0.93
27.03,71.66,92.35,5.86,70.76
14.58,53.86,31.71,6.11,100.0
20.03,70.94,570.08,71.04,5.32
12.34,82.91,236.7,26.95,41.36
23.6,33.96,418.26,26.69,22.93
5.13,72.04,261.3,58.52,34.27
23.75,30.09,620.15,68.2,4.69
2.07,51.48,190.55,70.99,43.64
21.11,87.81,627.42,54.24,2.21
23.66,56.86,489.58,27.09,15.3
23.02,48.57,52.77,6.01,80.68
3.08,62.23,171.98,55.95,47.76
8.76,93.95,325.38,40.21,26.22
3.08,39.36,39.92,30.54,88.12
15.91,50.28,516.64,65.26,9.26
2.87,85.96,16.13,8.01,95.16
31.82,91.01,650.0,35.47,1.14
21.42,63.55,29.57,0.82,97.53
12.45,47.65,183.74,33.74,46.29
11.6,94.34,37.53,4.05,98.26
15.03,87.32,44.81,8.55,85.78
20.48,74.51,93.89,8.46,72.49
12.64,53.63,336.21,46.74,25.56
28.44,64.31,650.0,53.72,0.0
15.83,62.75,435.65,42.0,19.21
37.17,69.63,650.0,69.28,1.33
34.37,85.31,650.0,26.99,2.82
5.0,77.31,43.53,20.57,81.86
32.27,49.92,650.0,62.54,1.7
3.77,84.27,29.52,16.1,92.65
18.57,69.38,603.56,69.35,3.09
14.86,74.62,21.31,0.88,100.0
35.29,85.53,650.0,69.83,0.0
29.8,49.44,29.81,3.11,89.22
23.2,64.5,627.9,64.16,2.57
19.37,57.56,462.02,37.99,16.89
15.0,43.05,506.69,71.49,9.34
3.68,69.85,16.66,5.31,98.76
10.49,95.0,379.16,39.88,21.11
1.6,39.24,151.0,69.79,51.01
22.69,64.55,573.53,37.66,8.64
16.17,73.97,521.48,45.32,8.56
33.41,66.72,650.0,50.09,3.58
21.97,63.42,537.81,32.73,10.6
23.86,46.81,597.73,45.18,8.0
4.76,68.26,151.18,42.07,50.51
32.52,54.41,650.0,64.88,2.11
32.69,34.34,42.93,3.27,89.75
14.07,81.72,171.67,20.23,50.24
21.9,78.42,650.0,68.43,0.0
21.84,65.72,620.01,64.1,3.4
2.51,68.21,74.41,32.81,71.62
12.69,80.04,429.22,44.65,17.04
13.82,68.14,128.27,19.97,60.8
4.07,77.66,19.68,13.54,94.77
9.59,60.84,175.27,33.39,50.75
4.33,83.37,72.02,25.44,71.0
5.63,69.49,164.12,42.02,50.6
2.43,67.72,12.0,5.6,99.41
35.31,47.22,650.0,70.16,0.0
14.4,69.02,505.89,71.01,8.49
33.9,53.35,650.0,50.27,0.87
11.24,56.06,233.69,38.6,41.24
10.52,53.58,86.47,22.29,69.44
10.15,50.07,401.93,58.59,17.85
15.95,94.75,525.02,49.3,7.4
1.0,83.64,33.82,11.71,97.02
23.96,91.89,650.0,65.59,0.0
4.22,47.88,189.63,59.22,44.65
23.17,66.0,588.81,68.39,8.06
23.13,46.89,611.2,52.25,4.59
6.16,55.26,140.33,44.17,53.38
5.49,52.15,65.28,30.11,73.68
23.44,82.35,650.0,67.16,0.0
12.12,59.45,437.61,62.36,14.35
4.25,79.96,26.2,3.26,99.09
32.75,73.46,42.36,1.9,91.22
3.41,95.0,74.32,27.11,67.7
19.43,44.29,552.49,58.36,8.23
27.7,82.63,650.0,71.08,0.29
4.97,81.05,28.43,10.83,91.86
2.83,51.37,84.61,42.78,69.21
4.57,79.1,78.2,27.42,66.57
16.87,69.71,618.51,69.83,0.23
4.61,61.82,213.19,60.63,38.75
24.01,53.46,619.59,60.36,4.08
5.27,54.93,73.48,33.75,69.45
12.32,93.7,334.29,29.87,26.21
29.5,65.01,601.87,19.69,9.38
23.72,75.95,38.15,4.06,89.02
20.47,53.93,638.74,62.26,1.27
9.74,54.08,351.58,58.53,22.99
22.01,80.15,612.89,71.98,3.02
11.04,46.11,397.99,71.76,19.51
16.22,59.19,420.32,39.99,18.6
7.31,65.48,276.57,55.37,31.85
31.68,66.56,650.0,68.02,0.0
13.16,62.49,452.22,61.17,13.95
4.47,70.54,41.75,17.81,86.97
12.29,74.7,277.77,32.44,35.13
13.85,75.28,33.02,9.3,86.47
22.42,51.2,611.66,68.69,5.91
22.23,61.02,607.44,43.64,4.83
23.17,81.73,379.76,16.46,27.62
3.39,77.53,187.64,48.36,45.36
14.6,45.78,371.54,44.51,24.12
15.96,69.92,294.85,25.79,34.66
3.97,37.3,41.38,8.18,97.1
1.88,65.66,112.41,48.35,58.45
25.36,91.57,649.58,37.46,2.92
3.17,51.73,141.0,55.61,53.25
16.69,53.32,398.75,37.45,22.91
3.51,75.7,226.72,61.36,35.47
3.37,43.4,44.41,39.74,74.98
4.18,56.14,101.04,40.39,61.67
32.24,73.35,650.0,63.12,2.39
24.66,56.12,570.44,29.05,9.29
29.06,61.7,280.26,9.65,42.62
12.71,75.42,18.38,2.07,100.0
3.01,70.9,196.38,54.37,40.35
10.58,68.74,319.91,44.66,27.98
12.59,60.25,408.91,50.69,19.0
19.88,70.18,210.31,15.33,46.16
5.35,63.27,28.63,9.82,99.8
14.07,71.41,31.93,1.05,98.46
4.0,58.04,50.25,25.24,81.74
11.38,62.44,314.0,42.47,30.39
23.74,51.14,501.18,28.24,17.11
11.39,64.51,206.59,31.5,44.45
14.26,53.65,461.08,65.1,13.66
13.39,49.4,133.57,25.07,58.37
13.57,68.62,383.7,37.01,21.82
25.16,67.98,650.0,56.42,0.97
38.0,75.96,650.0,28.55,0.0
35.94,58.96,650.0,44.79,1.82
23.27,70.71,650.0,62.09,0.0
11.83,72.71,435.63,68.37,15.56
24.68,71.23,208.89,10.59,49.79
12.99,53.44,464.45,66.71,13.04
3.99,67.09,81.58,35.43,68.73
26.52,70.1,462.01,18.59,22.01
3.61,65.1,63.79,33.06,73.62
33.57,35.79,650.0,70.56,2.72
11.47,67.25,278.3,35.47,36.92
24.55,95.0,588.9,23.67,8.25
23.0,59.96,615.32,45.6,4.54
32.19,54.81,624.45,17.29,9.83
24.59,70.23,60.27,5.46,79.81
22.79,69.37,156.39,9.28,61.34
4.19,81.7,24.45,9.22,96.43
15.46,47.39,46.22,10.94,82.84
4.99,75.24,17.13,10.0,96.42
22.55,73.27,621.72,46.14,4.37
15.78,63.01,77.14,13.1,75.1
21.8,69.74,466.35,24.89,17.42
2.96,79.41,224.24,64.57,38.12
3.21,77.21,66.18,34.13,68.89
25.63,49.0,650.0,48.06,1.38
3.64,76.48,27.03,12.41,95.21
2.38,64.09,36.56,13.84,94.38
3.02,66.02,16.36,2.94,97.61
31.45,66.02,514.65,12.16,17.63
20.86,62.9,307.61,20.06,34.26
9.44,81.68,32.02,12.74,83.91
3.43,63.83,31.82,6.39,100.0
11.46,49.33,36.88,8.69,97.4
25.56,59.49,568.84,33.18,10.49
23.5,67.5,329.13,14.86,34.84
5.05,82.21,73.97,26.23,70.95
4.32,73.44,103.98,36.25,61.91
4.23,53.09,141.35,49.71,52.98
19.7,95.0,28.19,2.83,94.37
23.24,68.71,585.67,57.56,6.27
5.02,82.86,213.0,45.21,40.83
3.84,62.88,21.64,5.89,100.0
4.47,72.47,290.82,62.9,28.84
29.53,76.75,650.0,66.3,0.0
3.88,82.05,21.05,4.4,98.11
18.3,79.8,296.49,19.94,34.4
23.75,77.21,650.0,58.05,0.0
10.21,60.59,352.62,53.87,24.17
4.32,57.0,18.46,13.29,91.71
3.3,69.66,28.13,15.07,90.93
24.27,78.06,550.74,26.67,11.3
21.32,61.88,502.84,34.89,13.34
22.75,79.91,624.04,44.51,3.19
12.07,85.34,254.51,26.56,38.08
1.07,52.17,34.44,33.3,80.84
32.2,53.28,650.0,53.82,0.22
26.41,63.03,24.51,2.64,96.52
3.84,69.31,34.93,18.18,91.59
32.67,57.66,650.0,51.36,0.0
21.49,83.93,648.81,64.45,0.0
20.38,70.94,530.78,36.84,10.95
25.46,65.55,644.52,38.31,3.15
26.43,44.9,108.14,7.72,70.3
22.51,46.58,454.79,32.21,18.42
5.71,68.93,135.81,38.35,56.13
13.32,35.14,46.92,17.46,80.18
28.77,79.18,630.85,19.39,6.71
5.11,62.79,47.78,27.16,76.91
10.31,95.0,30.39,1.45,100.0
11.47,95.0,205.4,23.19,44.1
11.29,62.46,46.05,15.22,84.52
24.52,63.51,469.8,23.58,18.76
32.87,78.94,412.96,8.62,28.85
5.16,88.84,342.15,64.12,21.54
5.48,42.07,93.43,42.74,63.78
4.11,39.99,95.49,48.9,64.6
31.6,56.29,650.0,56.82,1.94
25.18,73.16,632.08,35.89,3.99
4.24,71.96,31.28,6.26,97.83
21.02,79.98,577.29,38.67,7.65
27.04,48.2,650.0,42.25,1.59
21.53,32.57,558.24,53.67,7.7
29.76,77.01,650.0,31.08,5.56
3.26,53.41,20.66,9.19,93.57
24.96,36.74,359.95,20.43,32.46
13.96,67.03,207.41,26.14,46.01
25.87,76.1,650.0,46.51,1.44
23.63,63.29,581.88,41.1,7.12
20.74,58.59,407.16,25.64,24.31
26.47,62.77,644.97,71.03,3.87
3.62,59.81,101.84,43.62,62.42
13.65,46.13,81.63,17.08,73.33
30.92,54.99,194.93,7.33,53.94
36.91,72.3,648.55,11.01,10.02
4.74,69.5,30.72,17.71,88.84
5.44,67.35,30.91,11.57,93.41
3.83,51.07,26.37,13.43,99.97
21.44,62.46,328.13,20.53,32.65
21.83,34.52,111.83,12.48,66.54
3.46,67.5,254.39,64.57,32.41
11.91,85.0,16.09,5.78,94.73
23.18,44.36,539.81,37.76,11.66
25.61,56.8,581.51,29.55,10.44
13.89,69.61,485.52,70.73,10.04
24.21,82.54,135.62,8.07,61.24
12.3,58.72,163.27,28.65,51.62
4.0,55.31,242.5,69.8,35.92
23.33,37.44,650.0,62.32,1.06
23.43,66.45,643.91,58.83,2.21
33.45,93.59,650.0,18.57,6.13
22.59,68.88,206.74,12.3,49.82
23.62,64.69,600.15,48.14,5.22
4.72,69.51,296.43,66.92,27.54
12.9,64.84,364.13,40.09,24.55
2.27,53.62,61.19,41.16,70.7
1.24,76.53,15.56,20.16,90.5
17.44,68.16,570.86,55.4,5.88
28.53,65.25,430.26,13.47,24.65
3.34,51.34,42.25,23.3,86.48
17.18,83.25,411.07,30.63,20.78
21.91,74.31,575.86,36.55,7.22
2.54,57.26,25.53,17.45,96.93
22.98,79.03,99.42,8.27,68.05
20.2,58.03,543.16,43.96,9.36
23.27,54.05,401.86,20.78,25.06
3.39,54.36,95.6,41.85,61.32
16.45,40.21,52.16,11.11,82.55
22.09,71.6,589.85,34.64,6.0
26.01,39.36,568.65,38.35,10.46
3.82,47.8,12.86,3.73,100.0
25.65,35.94,467.35,24.24,21.07
3.46,63.8,32.11,9.68,92.81
21.57,62.9,44.38,4.56,89.94
5.74,60.43,294.89,71.28,27.96
33.26,50.4,650.0,23.21,6.5
10.64,48.59,366.97,58.31,23.78
15.33,71.5,148.53,18.33,56.71
4.39,57.29,126.46,49.07,55.57
15.29,69.43,509.25,54.74,9.58
27.98,52.61,650.0,42.89,3.56
34.81,67.53,650.0,33.95,1.85
10.97,83.25,214.2,29.65,45.01
15.3,73.21,312.88,25.12,32.61
22.2,59.23,603.48,66.93,4.31
30.78,68.6,650.0,59.8,0.5
22.35,61.63,627.39,69.48,3.65
16.88,65.11,27.62,8.95,83.35
11.03,60.44,361.97,52.62,22.69
21.6,62.7,595.48,67.56,4.38
4.36,67.97,18.55,13.05,100.0
22.89,51.09,30.14,4.79,93.79
11.48,50.78,363.37,53.36,22.62
20.98,45.56,525.34,41.36,11.08
4.75,42.6,178.86,60.61,44.86
20.24,47.96,95.94,10.06,74.01
15.74,67.23,536.52,57.26,8.24
23.75,52.5,225.27,14.52,46.17
2.63,72.19,36.45,11.78,93.48
23.76,65.49,194.72,11.83,51.55
20.89,37.44,563.62,58.65,7.88
24.29,74.17,650.0,47.89,1.46
21.24,76.35,563.98,37.66,7.53
23.01,51.09,422.38,25.84,23.82
24.14,70.88,637.17,63.16,3.45
5.25,53.01,49.0,28.26,78.09
22.43,66.37,623.31,58.8,2.58
14.1,47.3,222.6,31.62,42.61
3.91,39.9,24.28,27.14,85.0
4.8,59.64,93.17,33.31,65.1
14.71,63.27,135.1,21.7,57.42
23.41,59.43,621.65,53.83,4.06
21.47,48.42,504.96,36.2,14.76
22.11,59.4,285.23,16.72,39.7
14.25,68.77,526.01,64.77,6.8
14.36,64.37,247.86,27.64,39.88
2.71,67.56,115.75,39.14,62.0
10.58,55.62,363.87,65.27,22.79
15.8,81.4,520.39,44.95,8.26
2.14,48.53,12.0,8.42,96.72
4.98,71.83,317.94,67.67,24.95
22.09,81.55,586.65,45.19,7.03
21.01,71.73,425.59,24.11,21.07
31.76,62.16,434.05,10.03,26.52
35.45,57.6,650.0,57.17,3.26
22.15,79.51,590.11,44.65,6.07
16.07,45.08,328.61,38.41,27.68
19.4,51.42,559.0,64.36,7.07
21.52,59.43,554.76,56.78,9.71
4.45,82.33,17.44,10.92,99.63
13.0,70.32,166.03,22.44,52.67
21.93,51.45,235.95,17.89,44.34
13.4,60.66,427.62,53.56,16.97
21.99,56.4,26.77,2.41,99.34
22.02,55.06,593.63,41.03,5.16
2.92,78.7,219.65,54.9,39.85
10.13,45.8,374.56,63.13,21.55
14.63,87.52,277.25,24.63,35.32
2.96,76.6,215.14,59.13,39.57
5.35,80.27,30.6,7.97,92.56
22.38,58.52,628.64,60.94,3.35
2.57,62.9,12.0,9.18,100.0
14.76,44.94,216.7,28.6,46.05
5.97,57.65,224.19,57.41,38.48
28.65,71.91,356.33,10.79,32.71
2.92,83.14,47.16,16.51,90.86
13.36,49.5,400.22,52.0,20.02
28.37,59.88,650.0,51.84,0.0
23.46,62.88,627.55,46.16,2.32
4.77,45.46,137.45,49.96,56.85
24.25,73.28,609.83,39.08,4.93
15.97,54.86,117.27,18.13,61.77
12.77,62.26,162.48,24.89,52.7
3.61,58.67,34.23,13.08,95.23
4.72,53.95,227.81,65.41,38.81
21.2,64.9,571.36,42.0,7.17
14.74,61.98,288.69,28.86,34.76
11.26,59.79,192.66,33.26,46.39
20.09,54.8,604.03,68.2,3.64
20.42,69.47,120.95,11.04,64.17
3.35,88.15,156.41,42.21,51.45
21.53,66.96,555.38,36.42,9.66
3.8,78.95,164.06,44.02,49.42
21.8,45.54,26.47,1.3,97.06
20.96,67.21,624.15,62.79,2.84
30.48,49.64,650.0,67.11,2.24
4.05,44.32,81.17,40.69,65.83
2.8,54.65,111.28,50.16,58.91
4.89,81.69,328.0,66.42,23.19
3.38,78.3,201.23,50.92,42.8
3.73,68.4,20.67,10.98,98.79
34.7,43.54,650.0,41.49,2.24
2.81,62.25,89.7,43.68,65.34
1.0,69.22,48.51,30.54,78.69
19.91,67.46,578.3,53.02,5.9
13.45,39.19,449.83,67.27,15.0
21.59,52.54,649.75,66.64,1.21
3.77,64.1,56.34,32.46,74.53
13.12,72.51,21.65,8.15,96.63
6.9,34.25,262.07,70.91,32.64
4.94,62.73,240.81,60.4,36.73
28.05,67.0,252.74,8.98,46.76
3.98,76.89,298.38,66.3,26.27
14.0,74.7,547.52,62.63,4.32
12.69,73.16,359.61,37.36,25.52
13.21,53.8,362.09,42.57,24.65
24.64,38.29,462.78,28.73,20.11
3.68,59.5,12.99,3.94,99.45
22.86,79.02,520.42,24.13,13.6
30.83,84.51,650.0,57.81,2.53
23.69,74.95,21.13,0.33,97.49
33.43,71.01,650.0,24.01,1.83
4.03,70.31,56.44,28.67,74.61
15.32,57.21,354.04,38.69,26.22
4.66,63.18,248.01,66.23,32.91
21.39,88.37,504.91,24.94,14.41
35.12,51.8,650.0,24.98,3.84
2.58,87.61,196.02,53.1,39.48
21.67,60.49,512.54,32.56,13.86
5.34,83.56,32.87,16.17,84.2
20.65,45.3,445.28,32.58,19.96
12.54,73.2,40.43,10.14,85.35
30.8,54.69,442.01,12.7,25.08
22.44,45.19,528.54,35.88,11.95
9.97,68.06,147.55,30.16,56.65
4.86,79.13,309.6,65.87,24.33
4.86,53.17,55.07,26.09,78.79
4.53,44.01,97.35,41.8,66.07
4.02,63.71,137.27,45.52,55.44
30.93,63.78,48.91,0.94,100.0
20.8,72.68,598.47,47.77,4.18
17.35,78.29,143.66,12.82,59.88
4.81,64.17,274.23,69.2,30.57
35.0,90.98,650.0,10.7,7.06
23.65,68.14,564.82,29.85,9.45
4.71,60.15,19.56,6.15,98.48
18.93,42.44,585.24,71.77,5.36
16.54,61.32,384.06,36.16,23.16
3.58,60.29,102.17,42.87,59.62
10.66,78.44,21.16,4.83,97.26
15.02,71.47,501.86,54.0,10.3
3.31,48.49,33.49,15.11,95.94
27.14,67.41,650.0,64.66,1.38
21.78,74.4,275.23,14.77,41.01
23.1,86.39,309.84,13.73,34.64
12.39,77.43,21.63,2.63,100.0
14.08,75.65,343.24,33.99,26.76
22.87,65.84,630.96,40.67,2.98
14.15,70.44,27.0,4.73,97.13
4.12,82.49,255.22,55.84,33.94
12.98,46.34,193.91,32.64,47.18
27.89,60.11,650.0,37.76,2.41
11.78,54.18,196.28,31.73,46.72
5.86,70.31,81.17,28.85,66.84
23.2,82.22,603.18,40.29,5.64
2.51,56.64,20.4,11.18,99.92
2.24,31.54,20.84,13.1,97.07
4.2,59.23,209.01,62.05,40.74
11.98,77.79,488.16,68.12,9.14
20.49,72.53,453.96,26.88,17.96
11.48,70.99,106.01,19.49,66.68
4.06,61.08,119.99,46.37,56.15
30.99,47.09,650.0,29.43,6.05
32.5,72.21,53.32,1.83,98.16
33.17,53.32,483.56,11.24,21.51
4.21,95.0,255.25,51.55,31.63
11.67,72.99,400.54,47.44,19.26
30.67,56.87,19.99,1.95,93.72
22.31,56.44,250.87,15.98,42.97
4.29,63.7,42.87,16.64,91.94
3.73,61.65,101.63,48.38,59.58
13.35,80.64,12.0,1.42,99.37
32.09,67.61,316.93,7.5,37.66
11.93,54.76,400.3,57.59,19.6
15.0,91.47,136.74,12.86,60.69
5.79,65.69,190.46,47.0,44.13
18.95,75.76,251.66,17.15,42.34
22.34,56.48,60.78,7.16,83.78
16.77,70.08,173.89,17.51,55.13
20.83,69.36,605.45,52.0,3.76
25.53,38.54,639.7,61.61,2.61
2.08,93.21,261.35,59.78,29.9
12.22,83.07,275.17,28.6,34.5
3.01,59.44,115.7,48.1,58.21
24.33,49.57,280.61,14.76,39.94
21.4,69.87,403.63,21.11,25.09
22.27,66.21,650.0,64.54,0.41
21.23,69.98,26.78,0.94,100.0
14.03,67.68,33.87,6.16,99.07
30.29,72.09,585.7,14.97,11.8
14.6,85.26,28.19,1.91,95.33
3.88,72.95,31.42,13.06,94.02
25.98,50.3,631.16,41.98,5.12
21.86,84.08,561.91,30.34,10.02
14.54,87.97,540.32,64.27,4.55
33.18,95.0,650.0,58.86,0.0
29.45,49.27,594.97,24.61,10.21
2.03,68.4,27.24,18.68,93.97
32.15,35.85,650.0,27.34,2.02
3.79,72.74,140.59,42.5,53.41
5.99,57.33,22.57,19.3,87.66
4.03,91.93,232.7,44.94,37.68
33.16,54.16,650.0,29.48,7.13
26.17,41.35,617.55,39.75,5.12
4.28,58.4,61.25,31.4,74.53
13.67,37.34,70.12,21.2,71.18
24.13,75.52,650.0,68.29,0.1
2.49,36.09,106.72,54.98,58.96
31.11,65.4,412.72,10.09,28.76
23.46,35.91,598.67,62.53,6.37
15.13,60.52,341.6,35.1,26.66
32.44,88.01,650.0,64.41,0.0
14.56,70.05,467.05,57.59,12.01
29.5,52.91,650.0,30.62,4.81
23.24,64.56,23.2,1.62,97.83
23.29,65.25,392.13,19.34,26.14
3.26,71.62,101.27,39.0,63.31
31.46,45.86,649.89,45.61,7.19
10.78,73.3,83.67,18.57,72.68
3.55,30.0,21.22,10.03,100.0
3.62,56.18,195.39,60.11,43.16
18.64,58.16,604.79,70.88,2.16
15.41,73.87,422.29,37.85,18.72
21.94,65.32,178.93,12.36,54.44
33.59,45.32,650.0,19.61,6.34
5.54,51.21,12.0,1.32,99.59
24.19,67.78,648.39,65.83,2.66
4.67,63.89,25.13,8.48,98.7
32.41,56.89,650.0,41.51,2.78
22.4,58.27,334.34,19.73,31.44
15.45,74.75,462.79,39.9,15.38
19.69,57.75,557.42,46.9,7.92
11.82,63.77,451.29,59.74,12.76
13.58,95.0,97.39,14.86,65.12
22.4,45.07,22.31,0.79,99.91
15.0,39.07,42.94,9.86,90.58
13.04,75.97,519.83,64.8,6.67
15.86,55.5,448.43,62.92,15.56
25.91,60.54,650.0,43.01,1.64
18.7,54.06,496.85,43.24,12.2
2.67,61.36,124.73,47.88,59.05
24.99,87.38,368.15,12.63,31.1
22.38,76.23,611.94,65.84,4.09
4.3,77.07,63.45,30.15,72.22
4.6,45.17,19.14,27.59,84.06
5.37,48.88,84.83,37.36,64.56
11.77,30.0,14.8,3.38,98.99
10.46,53.67,30.44,11.97,91.92
24.4,78.39,597.92,53.14,6.75
21.77,72.24,46.42,5.96,81.32
19.09,61.9,492.15,43.43,13.32
14.17,64.69,107.54,17.67,65.82
20.65,55.36,405.13,28.03,24.02
15.09,67.87,165.01,20.79,51.14
30.48,75.72,650.0,25.61,2.54
25.63,42.38,612.0,51.77,5.61
5.9,69.2,49.64,21.39,82.44
21.95,78.05,575.99,40.78,7.89
12.99,59.19,259.41,34.28,36.64
22.01,74.81,618.95,47.78,3.03
2.78,95.0,337.9,67.45,19.75
3.03,63.54,129.05,52.75,51.95
32.58,70.51,608.39,15.48,11.15
2.49,54.67,19.83,2.25,97.81
21.9,67.54,367.78,18.88,29.26
3.72,71.44,130.88,42.85,53.73
26.31,67.73,42.63,3.7,86.04
25.75,50.72,612.75,35.74,5.54
16.7,67.89,492.17,42.97,11.2
10.56,85.47,160.66,24.07,50.9
4.56,71.28,248.92,55.51,35.56
5.18,78.47,19.98,7.68,93.93
15.02,61.68,26.81,5.41,100.0
26.94,75.5,643.97,52.43,4.36
33.86,68.91,650.0,35.68,0.0
26.67,51.69,650.0,49.56,3.71
22.18,69.46,528.92,31.31,12.32
23.09,51.12,271.91,17.74,39.53
19.47,56.14,598.25,58.98,4.19
3.91,67.65,194.1,57.56,42.02
35.01,69.16,650.0,50.02,0.0
25.45,48.35,446.66,19.59,22.26
20.16,79.76,548.42,42.5,8.27
3.62,73.01,43.84,25.99,81.39
12.17,55.13,22.51,6.59,100.0
17.28,43.47,561.37,66.05,5.63
31.13,62.97,344.65,9.85,33.43
17.88,58.76,564.31,68.42,4.39
11.81,66.58,226.3,32.11,42.67
33.11,59.92,603.71,13.33,12.27
4.18,36.9,66.08,39.02,70.66
12.29,59.56,457.38,62.85,12.42
3.0,60.72,148.05,52.72,51.96
22.93,73.87,650.0,58.07,1.1
35.11,55.23,650.0,47.43,2.28
6.51,88.5,282.48,49.84,29.6
28.43,38.24,650.0,61.14,3.22
2.07,83.36,29.95,17.98,93.13
30.16,61.86,650.0,35.24,4.0
20.31,77.03,283.88,15.93,37.65
21.32,66.12,581.75,71.11,5.45
4.22,80.95,328.75,67.97,22.94
31.25,59.58,49.65,2.84,91.02
20.83,49.62,530.02,50.8,11.0
15.39,84.89,537.93,66.62,5.8
21.28,63.41,197.76,13.0,51.74
6.43,68.1,189.39,40.89,46.22
29.96,82.29,650.0,65.92,3.42
4.01,50.55,24.89,2.44,99.54
21.42,73.34,610.04,50.21,4.59
12.65,56.74,107.0,21.41,66.66
3.77,63.15,233.44,66.56,36.29
3.57,66.01,255.77,69.92,32.28
3.78,44.0,208.01,67.99,42.24
13.4,54.1,255.4,34.14,37.09
13.56,83.92,499.32,62.07,9.4
21.4,77.41,599.88,60.81,3.9
5.65,64.12,55.56,22.98,80.26
1.35,68.4,150.34,59.68,49.78
24.17,60.88,40.04,2.66,96.34
5.84,83.99,238.04,42.93,37.46
36.51,62.2,650.0,16.56,4.15
29.77,68.25,321.2,8.68,38.75
20.29,81.04,54.86,5.54,86.36
22.94,54.12,583.8,50.13,7.88
30.56,86.82,650.0,24.47,2.01
2.29,43.57,91.67,52.18,63.85
3.68,87.81,23.42,4.71,97.74
3.48,59.78,28.49,22.7,86.51
24.94,61.6,650.0,38.84,2.34
4.71,38.54,156.46,56.93,50.86
21.47,58.63,364.03,22.95,26.34
32.53,50.44,650.0,45.06,2.74
28.87,56.49,650.0,63.79,1.63
9.28,63.08,278.99,44.34,32.66
2.08,78.41,21.03,16.77,94.17
21.06,67.91,34.09,1.76,99.51
22.04,69.31,632.04,62.65,3.14
4.55,49.66,24.32,1.53,99.95
6.43,52.67,272.21,62.98,31.63
30.97,90.18,650.0,38.08,1.73
24.86,54.71,646.98,67.61,3.02
22.89,88.19,650.0,57.51,0.0
32.83,61.6,650.0,71.85,0.0
21.44,65.03,446.24,25.25,20.01
13.47,79.99,491.55,55.24,11.02
11.98,82.81,248.79,28.94,40.03
12.42,63.45,273.02,34.55,34.63
16.68,59.56,484.03,45.18,13.42
23.47,64.22,649.6,62.9,1.25
20.3,69.73,640.18,70.85,0.93
31.13,77.48,650.0,55.32,0.0
10.74,65.06,159.52,30.08,51.41
23.86,73.66,602.05,30.34,6.44
23.32,87.94,614.29,53.11,3.06
21.88,70.34,340.62,17.19,30.04
20.82,69.36,69.03,7.95,76.57
2.36,43.74,30.37,25.53,88.79
15.29,30.0,79.09,20.68,71.73
4.23,70.44,26.92,21.33,83.94
12.89,63.67,87.69,16.82,67.82
12.88,57.79,30.33,3.03,94.9
20.73,68.41,32.27,1.29,99.62
31.76,64.15,650.0,71.12,1.83
23.57,80.79,583.49,30.8,8.5
24.96,66.21,562.2,27.67,10.78
15.24,54.54,410.63,48.93,19.13
21.23,78.86,304.68,15.71,35.37
3.21,61.96,210.98,68.4,38.0
4.51,72.37,262.11,56.62,32.2
14.25,58.32,37.68,6.44,93.4
14.76,55.9,293.45,30.07,34.5
4.02,66.18,257.7,63.3,34.33
3.23,65.18,240.35,68.02,34.55
4.59,71.72,104.94,33.65,64.54
30.62,61.24,650.0,44.17,1.91
15.63,39.29,58.11,12.03,83.4
12.77,58.94,485.1,71.36,9.96
6.17,76.11,47.8,16.68,82.7
23.42,60.84,622.03,67.88,5.17
3.77,61.55,135.29,46.77,54.27
4.86,78.81,194.71,43.76,43.85
12.15,55.03,240.32,36.91,41.45
2.45,43.4,23.97,16.61,92.97
2.85,62.75,14.49,12.71,93.8
4.57,58.22,44.65,15.88,90.48
5.78,51.47,21.4,13.42,94.58
4.43,62.54,200.33,56.13,42.54
11.11,71.88,152.46,25.21,56.04
18.33,64.87,22.48,4.16,100.0
21.33,69.3,646.41,69.78,0.0
11.68,90.39,483.12,63.63,9.6
3.62,60.2,225.9,66.8,35.33
28.06,68.9,650.0,71.63,0.0
19.99,57.87,124.78,12.52,63.51
4.0,53.15,47.39,28.53,78.96
22.44,56.81,559.43,54.59,8.12
2.5,58.3,122.38,50.11,59.71
16.24,70.03,64.04,11.08,77.55
10.53,95.0,449.02,58.74,13.48
32.84,54.98,634.35,16.16,8.78
10.59,59.17,46.77,16.11,79.43
20.68,64.12,589.19,38.66,5.48
36.56,70.54,650.0,42.69,0.0
4.73,68.69,131.35,41.77,53.98
5.06,82.98,33.66,6.59,98.31
14.56,31.03,432.43,63.18,16.38
14.7,31.58,73.62,19.12,70.06
14.71,58.06,42.23,9.33,91.13
32.05,80.36,650.0,63.99,0.94
20.63,43.08,574.27,68.81,6.21
21.16,30.0,612.84,62.07,2.32
12.94,73.0,477.5,58.29,12.3
23.08,68.41,638.58,47.18,1.71
32.59,49.74,650.0,39.66,1.19
22.13,51.2,46.16,6.26,88.84
3.46,51.42,45.38,29.41,81.98
18.02,66.55,373.04,26.83,25.67
3.44,56.23,13.69,18.7,91.89
4.32,71.92,220.49,52.09,37.83
3.48,30.0,40.77,35.7,83.39
18.26,53.0,25.15,5.84,93.31
21.29,49.24,180.6,15.85,53.62
3.92,61.41,160.72,49.19,50.42
13.22,57.47,33.84,5.48,96.13
14.22,76.17,519.98,61.29,6.49
13.69,38.97,241.11,35.65,43.13
6.52,65.64,135.83,34.6,56.95
8.62,72.82,251.8,42.65,36.34
23.42,90.99,650.0,59.38,0.69
3.7,58.26,64.48,25.04,79.99
3.57,69.54,157.13,48.82,47.82
12.99,39.75,284.52,40.73,33.84
33.8,31.51,598.36,19.23,10.97
17.0,76.83,594.76,63.26,2.33
21.5,64.92,591.07,57.41,5.93
11.63,81.5,409.82,47.41,17.47
21.45,45.77,598.12,61.24,4.56
3.22,72.28,212.16,62.45,37.01
25.28,91.16,644.78,51.0,3.71
28.7,70.88,650.0,60.26,0.94
21.73,68.87,619.24,50.22,2.92
36.43,65.12,650.0,48.97,0.0
23.27,43.01,586.31,44.54,6.21
4.89,83.98,285.65,54.2,29.56
32.53,56.45,461.57,11.42,23.72
3.78,72.06,254.89,63.42,32.08
13.89,43.12,426.21,62.77,16.51
3.22,48.49,18.95,2.11,98.6
5.59,85.09,328.3,59.46,23.94
20.07,60.14,49.35,9.28,79.94
5.7,85.35,70.86,24.13,70.92
14.31,63.9,463.61,53.53,13.31
22.78,39.21,109.58,11.57,65.45
3.28,77.49,257.53,58.89,34.36
1.76,56.74,146.79,59.91,49.81
18.24,74.78,495.96,36.54,12.1
12.81,65.35,17.76,0.46,100.0
24.04,43.4,388.33,20.67,28.73
22.93,67.3,645.66,44.42,2.18
23.52,95.0,608.62,70.65,4.83
30.35,71.9,650.0,45.49,2.09
15.53,64.19,163.7,18.71,54.33
18.33,80.05,560.31,45.65,6.56
5.21,67.95,127.75,38.88,56.32
14.56,67.93,447.1,56.15,14.68
25.95,49.72,109.14,7.7,68.77
14.42,68.27,456.16,54.79,13.78
21.93,79.5,568.86,38.97,9.25
23.07,53.3,645.02,69.34,1.17
36.24,84.94,650.0,24.61,0.98
30.09,63.72,650.0,45.55,0.0
14.84,52.57,507.63,67.11,9.34
18.02,78.97,53.36,7.38,84.02
22.41,60.98,611.66,67.48,4.02
11.01,75.63,374.71,49.53,22.05
21.65,60.92,16.74,4.88,90.02
21.36,64.16,408.34,21.67,23.05
23.16,71.91,623.36,50.99,3.31
14.54,69.07,16.98,4.85,97.39
3.18,37.06,60.23,41.92,73.96
11.46,49.3,109.05,24.9,64.31
4.95,78.01,197.18,44.71,44.11
36.73,63.15,105.08,3.29,72.23
14.72,57.67,481.42,62.75,11.22
1.64,45.98,165.16,70.09,47.88
5.07,49.88,263.01,69.76,32.68
19.47,36.69,540.26,53.97,9.73
24.0,63.58,123.94,9.37,65.76
